{"cameraMode":{"drawMode":0,"name":"Shaded","section":"Shading Mode"},"sceneLighting":false,"audioPlay":false,"sceneViewState":{"showFog":false,"showMaterialUpdate":false,"showSkybox":false,"showFlares":false,"showImageEffects":false,"showParticleSystems":false},"in2DMode":false,"pivot":{"x":-3.0220000743865969,"y":-0.6909998655319214,"z":4.115189075469971},"rotation":{"x":-0.024159962311387063,"y":0.10984250158071518,"z":-0.002673808950930834,"w":-0.9936630129814148},"size":1.2826721668243409,"orthographic":false}