{"cameraMode":{"drawMode":0,"name":"Shaded","section":"Shading Mode"},"sceneLighting":false,"audioPlay":false,"sceneViewState":{"showFog":false,"showMaterialUpdate":false,"showSkybox":false,"showFlares":false,"showImageEffects":false,"showParticleSystems":false},"in2DMode":false,"pivot":{"x":-0.6595796942710877,"y":2.78934383392334,"z":-3.0276308059692385},"rotation":{"x":0.31757450103759768,"y":-0.4857054650783539,"z":0.19506025314331056,"w":0.7907314896583557},"size":1.9247996807098389,"orthographic":false}