{"cameraMode":{"drawMode":0,"name":"Shaded","section":"Shading Mode"},"sceneLighting":false,"audioPlay":false,"sceneViewState":{"showFog":false,"showMaterialUpdate":false,"showSkybox":false,"showFlares":false,"showImageEffects":false,"showParticleSystems":false},"in2DMode":false,"pivot":{"x":-1.700768232345581,"y":1.139017105102539,"z":-0.5785844922065735},"rotation":{"x":-0.07025735080242157,"y":0.6895278692245483,"z":-0.06739024817943573,"w":-0.7177873849868774},"size":2.207106590270996,"orthographic":false}