{"cameraMode":{"drawMode":0,"name":"Shaded","section":"Shading Mode"},"sceneLighting":false,"audioPlay":false,"sceneViewState":{"showFog":false,"showMaterialUpdate":false,"showSkybox":false,"showFlares":false,"showImageEffects":false,"showParticleSystems":false},"in2DMode":false,"pivot":{"x":3.500837802886963,"y":1.0009371042251588,"z":3.0681076049804689},"rotation":{"x":-0.10781995207071305,"y":0.3863736093044281,"z":-0.04553527757525444,"w":-0.9148877859115601},"size":1.2495334148406983,"orthographic":false}