{"cameraMode":{"drawMode":0,"name":"Shaded","section":"Shading Mode"},"sceneLighting":false,"audioPlay":false,"sceneViewState":{"showFog":false,"showMaterialUpdate":false,"showSkybox":false,"showFlares":false,"showImageEffects":false,"showParticleSystems":false},"in2DMode":false,"pivot":{"x":2.3259999752044679,"y":0.8399999737739563,"z":-2.6500000953674318},"rotation":{"x":-0.21831977367401124,"y":0.7277930378913879,"z":-0.26846855878829958,"w":-0.592229962348938},"size":0.5801723599433899,"orthographic":false}