{"cameraMode":{"drawMode":0,"name":"Shaded","section":"Shading Mode"},"sceneLighting":false,"audioPlay":false,"sceneViewState":{"showFog":false,"showMaterialUpdate":false,"showSkybox":false,"showFlares":false,"showImageEffects":false,"showParticleSystems":false},"in2DMode":false,"pivot":{"x":2.8046467304229738,"y":1.6766276359558106,"z":-2.144566535949707},"rotation":{"x":0.01941663771867752,"y":-0.9794151186943054,"z":0.16640079021453858,"w":0.11326470971107483},"size":1.0901437997817994,"orthographic":false}