{"cameraMode":{"drawMode":0,"name":"Shaded","section":"Shading Mode"},"sceneLighting":false,"audioPlay":false,"sceneViewState":{"showFog":false,"showMaterialUpdate":false,"showSkybox":false,"showFlares":false,"showImageEffects":false,"showParticleSystems":false},"in2DMode":false,"pivot":{"x":0.19821305572986604,"y":-0.06883887201547623,"z":0.03034696727991104},"rotation":{"x":-0.07108473777770996,"y":-0.5881035923957825,"z":-0.052010178565979007,"w":0.8040559887886047},"size":0.49991342425346377,"orthographic":false}