{"cameraMode":{"drawMode":0,"name":"Shaded","section":"Shading Mode"},"sceneLighting":false,"audioPlay":false,"sceneViewState":{"showFog":false,"showMaterialUpdate":false,"showSkybox":false,"showFlares":false,"showImageEffects":false,"showParticleSystems":false},"in2DMode":false,"pivot":{"x":3.4376277923583986,"y":0.4278605580329895,"z":-5.076932907104492},"rotation":{"x":0.08007007837295532,"y":0.5693700313568115,"z":-0.05592189356684685,"w":0.8163723349571228},"size":0.5883020758628845,"orthographic":false}