{"cameraMode":{"drawMode":0,"name":"Shaded","section":"Shading Mode"},"sceneLighting":false,"audioPlay":false,"sceneViewState":{"showFog":false,"showMaterialUpdate":false,"showSkybox":false,"showFlares":false,"showImageEffects":false,"showParticleSystems":false},"in2DMode":false,"pivot":{"x":5.784855365753174,"y":0.7242370247840881,"z":1.9373880624771119},"rotation":{"x":0.16403499245643617,"y":0.6843489408493042,"z":-0.1622599959373474,"w":0.6917763352394104},"size":1.127850890159607,"orthographic":false}