{"cameraMode":{"drawMode":0,"name":"Shaded","section":"Shading Mode"},"sceneLighting":false,"audioPlay":false,"sceneViewState":{"showFog":false,"showMaterialUpdate":false,"showSkybox":false,"showFlares":false,"showImageEffects":false,"showParticleSystems":false},"in2DMode":false,"pivot":{"x":466.1125183105469,"y":443.2808837890625,"z":-190.40928649902345},"rotation":{"x":0.28933048248291018,"y":0.666451632976532,"z":-0.3160431683063507,"w":0.61012202501297},"size":239.0207977294922,"orthographic":false}