{"cameraMode":{"drawMode":0,"name":"Shaded","section":"Shading Mode"},"sceneLighting":false,"audioPlay":false,"sceneViewState":{"showFog":false,"showMaterialUpdate":false,"showSkybox":false,"showFlares":false,"showImageEffects":false,"showParticleSystems":false},"in2DMode":false,"pivot":{"x":959.9999389648438,"y":540.0000610351563,"z":0.5168313980102539},"rotation":{"x":0.15443047881126405,"y":0.8158331513404846,"z":-0.2539852559566498,"w":0.49604853987693789},"size":1101.45361328125,"orthographic":false}