{"cameraMode":{"drawMode":0,"name":"Shaded","section":"Shading Mode"},"sceneLighting":false,"audioPlay":false,"sceneViewState":{"showFog":false,"showMaterialUpdate":false,"showSkybox":false,"showFlares":false,"showImageEffects":false,"showParticleSystems":false},"in2DMode":false,"pivot":{"x":2.5581181049346926,"y":1.071167230606079,"z":-2.346688747406006},"rotation":{"x":-0.06786380708217621,"y":-0.7414541244506836,"z":0.6632953882217407,"w":-0.07596644759178162},"size":1.2430658340454102,"orthographic":false}