{"cameraMode":{"drawMode":0,"name":"Shaded","section":"Shading Mode"},"sceneLighting":false,"audioPlay":false,"sceneViewState":{"showFog":false,"showMaterialUpdate":false,"showSkybox":false,"showFlares":false,"showImageEffects":false,"showParticleSystems":false},"in2DMode":false,"pivot":{"x":3.0110089778900148,"y":-1.228115200996399,"z":-5.111690044403076},"rotation":{"x":-0.025190381333231927,"y":0.9468212127685547,"z":-0.31131160259246828,"w":-0.0781831368803978},"size":2.6512949466705324,"orthographic":false}