{"cameraMode":{"drawMode":0,"name":"Shaded","section":"Shading Mode"},"sceneLighting":false,"audioPlay":false,"sceneViewState":{"showFog":false,"showMaterialUpdate":false,"showSkybox":false,"showFlares":false,"showImageEffects":false,"showParticleSystems":false},"in2DMode":false,"pivot":{"x":1.361299753189087,"y":1.86562979221344,"z":-1.8738617897033692},"rotation":{"x":-0.02092127874493599,"y":0.8579385280609131,"z":-0.03502800315618515,"w":-0.5121732354164124},"size":-0.007395029067993164,"orthographic":false}