{"cameraMode":{"drawMode":0,"name":"Shaded","section":"Shading Mode"},"sceneLighting":false,"audioPlay":false,"sceneViewState":{"showFog":false,"showMaterialUpdate":false,"showSkybox":false,"showFlares":false,"showImageEffects":false,"showParticleSystems":false},"in2DMode":false,"pivot":{"x":0.31874847412109377,"y":-0.26441192626953127,"z":0.5359039306640625},"rotation":{"x":0.1379929631948471,"y":0.2892818748950958,"z":-0.04223133251070976,"w":0.9463528990745544},"size":97.72230529785156,"orthographic":false}