{"cameraMode":{"drawMode":0,"name":"Shaded","section":"Shading Mode"},"sceneLighting":false,"audioPlay":false,"sceneViewState":{"showFog":false,"showMaterialUpdate":false,"showSkybox":false,"showFlares":false,"showImageEffects":false,"showParticleSystems":false},"in2DMode":false,"pivot":{"x":5.640865802764893,"y":0.9338467121124268,"z":6.940005302429199},"rotation":{"x":-0.16668552160263062,"y":-0.24221014976501466,"z":0.0422440841794014,"w":-0.9548953175544739},"size":1.0901435613632203,"orthographic":false}