{"cameraMode":{"drawMode":0,"name":"Shaded","section":"Shading Mode"},"sceneLighting":false,"audioPlay":false,"sceneViewState":{"showFog":false,"showMaterialUpdate":false,"showSkybox":false,"showFlares":false,"showImageEffects":false,"showParticleSystems":false},"in2DMode":false,"pivot":{"x":2.9460411071777345,"y":0.9572372436523438,"z":-2.5140304565429689},"rotation":{"x":-0.12612690031528474,"y":0.6760659217834473,"z":-0.1190410852432251,"w":-0.7161681652069092},"size":97.72230529785156,"orthographic":false}