{"cameraMode":{"drawMode":0,"name":"Shaded","section":"Shading Mode"},"sceneLighting":false,"audioPlay":false,"sceneViewState":{"showFog":false,"showMaterialUpdate":false,"showSkybox":false,"showFlares":false,"showImageEffects":false,"showParticleSystems":false},"in2DMode":false,"pivot":{"x":2.991234064102173,"y":2.853037118911743,"z":-2.8723886013031008},"rotation":{"x":0.11221984028816223,"y":-0.03091280348598957,"z":0.003974299877882004,"w":0.9934257864952087},"size":0.10006457567214966,"orthographic":false}