{"cameraMode":{"drawMode":0,"name":"Shaded","section":"Shading Mode"},"sceneLighting":false,"audioPlay":false,"sceneViewState":{"showFog":false,"showMaterialUpdate":false,"showSkybox":false,"showFlares":false,"showImageEffects":false,"showParticleSystems":false},"in2DMode":false,"pivot":{"x":-4.388510704040527,"y":-2.5956287384033205,"z":-1.8457449674606324},"rotation":{"x":-0.2339148372411728,"y":0.6211552023887634,"z":-0.20265904068946839,"w":-0.7201581001281738},"size":3.8926045894622804,"orthographic":false}